keygen_mean_ms,keygen_std_ms,sign_mean_ms,sign_std_ms,signature_size_mean_bytes,memory_mean_mb
35.8508219991927,13.905424529402087,0.5358987000363413,0.08413090580173627,344.0,167.251640625
0.03124999930150807,0.020213086461527297,0.03621849967748858,0.1564817960125565,96.0,168.206953125
0.04939799808198586,0.024379421890069513,0.03261300007579848,0.005318986004541743,88.0,168.8109375
6.506731999688782,1.2989722679658442,32.84909729989886,21.794302748834333,3228.0,169.24734375
9.752545997616835,0.2894344625820291,56.19096200031345,39.149359925474386,4412.0,169.94140625
14.713951999437995,0.8304211898427429,65.38589019978826,41.132363000842496,6172.0,170.42578125
